CREATE DATABASE  IF NOT EXISTS `estateadvance` /*!40100 DEFAULT CHARACTER SET utf8 */;
USE `estateadvance`;
-- MySQL dump 10.13  Distrib 8.0.13, for Win64 (x86_64)
--
-- Host: localhost    Database: estateadvance
-- ------------------------------------------------------
-- Server version	8.0.13
	
/*!40101 SET @OLD_CHARACTER_SET_CLIENT=@@CHARACTER_SET_CLIENT */;
/*!40101 SET @OLD_CHARACTER_SET_RESULTS=@@CHARACTER_SET_RESULTS */;
/*!40101 SET @OLD_COLLATION_CONNECTION=@@COLLATION_CONNECTION */;
 SET NAMES utf8 ;
/*!40103 SET @OLD_TIME_ZONE=@@TIME_ZONE */;
/*!40103 SET TIME_ZONE='+00:00' */;
/*!40014 SET @OLD_UNIQUE_CHECKS=@@UNIQUE_CHECKS, UNIQUE_CHECKS=0 */;
/*!40014 SET @OLD_FOREIGN_KEY_CHECKS=@@FOREIGN_KEY_CHECKS, FOREIGN_KEY_CHECKS=0 */;
/*!40101 SET @OLD_SQL_MODE=@@SQL_MODE, SQL_MODE='NO_AUTO_VALUE_ON_ZERO' */;
/*!40111 SET @OLD_SQL_NOTES=@@SQL_NOTES, SQL_NOTES=0 */;

--
-- Table structure for table `building`
--

DROP TABLE IF EXISTS `building`;
/*!40101 SET @saved_cs_client     = @@character_set_client */;
 SET character_set_client = utf8mb4 ;
CREATE TABLE `building` (
  `id` bigint(20) NOT NULL AUTO_INCREMENT,
  `name` varchar(255) NOT NULL,
  `street` varchar(255) DEFAULT NULL,
  `ward` varchar(255) DEFAULT NULL,
  `district` varchar(255) NOT NULL,
  `structure` varchar(255) DEFAULT NULL,
  `numberofbasement` int(11) DEFAULT NULL,
  `floorarea` int(11) DEFAULT NULL,
  `direction` varchar(255) DEFAULT NULL,
  `level` varchar(255) DEFAULT NULL,
  `rentprice` int(11) NOT NULL,
  `rentpricedescription` text,
  `servicefee` varchar(255) DEFAULT NULL,
  `carfee` varchar(255) DEFAULT NULL,
  `motofee` varchar(255) DEFAULT NULL,
  `overtimefee` varchar(255) DEFAULT NULL,
  `waterfee` varchar(255) DEFAULT NULL,
  `electricityfee` varchar(255) DEFAULT NULL,
  `deposit` varchar(255) DEFAULT NULL,
  `payment` varchar(255) DEFAULT NULL,
  `renttime` varchar(255) DEFAULT NULL,
  `decorationtime` varchar(255) DEFAULT NULL,
  `brokeragefee` decimal(13,2) DEFAULT NULL,
  `type` varchar(255) NOT NULL,
  `note` varchar(255) DEFAULT NULL,
  `linkofbuilding` varchar(255) DEFAULT NULL,
  `map` varchar(255) DEFAULT NULL,
  `image` longblob DEFAULT NULL,
  `createddate` datetime DEFAULT NULL,
  `modifieddate` datetime DEFAULT NULL,
  `createdby` varchar(255) DEFAULT NULL,
  `modifiedby` varchar(255) DEFAULT NULL,
  `managername` varchar(255) DEFAULT NULL,
  `managerphone` varchar(255) DEFAULT NULL,
  PRIMARY KEY (`id`)
) ENGINE=InnoDB AUTO_INCREMENT=7 DEFAULT CHARSET=utf8;
/*!40101 SET character_set_client = @saved_cs_client */;

--
-- Dumping data for table `building`
--

LOCK TABLES `building` WRITE;
/*!40000 ALTER TABLE `building` DISABLE KEYS */;
INSERT INTO `building` VALUES 
(1,'Nam Giao Building Tower','59 phan xích long','Phường 2','QUAN_1',NULL,2,500,NULL,NULL,15,'15 triệu/m2',NULL,NULL,NULL,NULL,NULL,NULL,NULL,NULL,NULL,NULL,NULL,'TANG_TRET,NGUYEN_CAN',NULL,NULL,NULL,NULL,NULL,NULL,NULL,NULL,'Anh Nam-Chị Linh','0915354727'),
(2,'ACM Tower','96 cao thắng','Phường 4','QUAN_2',NULL,2,650,NULL,NULL,18,'18 triệu/m2',NULL,NULL,NULL,NULL,NULL,NULL,NULL,NULL,NULL,NULL,NULL,'NGUYEN_CAN',NULL,NULL,NULL,NULL,NULL,NULL,NULL,NULL,'Chú Thuận','0173546263'),
(3,'Alpha 2 Building Tower','153 nguyễn đình chiểu','Phường 6','QUAN_1',NULL,1,200,NULL,NULL,20,'20 triệu/m2',NULL,NULL,NULL,NULL,NULL,NULL,NULL,NULL,NULL,NULL,NULL,'NOI_THAT',NULL,NULL,NULL,NULL,NULL,NULL,NULL,NULL,'Cô Lý','0555532578'),
(4,'IDD 1 Building','111 Lý Chính Thắng','Phường 7','QUAN_4',NULL,1,200,NULL,NULL,12,'12 triệu/m2',NULL,NULL,NULL,NULL,NULL,NULL,NULL,NULL,NULL,NULL,NULL,'TANG_TRET,NGUYEN_CAN,NOI_THAT',NULL,NULL,NULL,NULL,NULL,NULL,NULL,NULL,'Anh Long','017345253'),
(6,'Devon Building',NULL,NULL,NULL,NULL,10,NULL,NULL,NULL,NULL,NULL,NULL,NULL,NULL,NULL,NULL,NULL,NULL,NULL,NULL,NULL,NULL,NULL,NULL,NULL,NULL,NULL,NULL,NULL,NULL,NULL,'Anh Long','017345253');
/*!40000 ALTER TABLE `building` ENABLE KEYS */;
UNLOCK TABLES;

--
-- Table structure for table `user`
--
DROP TABLE IF EXISTS `user`;
/*!40101 SET @saved_cs_client     = @@character_set_client */;
 SET character_set_client = utf8mb4 ;
CREATE TABLE `user` (
  `id` bigint(20) NOT NULL AUTO_INCREMENT,
  `username` varchar(255) NOT NULL,
  `password` varchar(255) NOT NULL,
  `fullname` varchar(255) DEFAULT NULL,
  `phone` varchar(10) DEFAULT NULL,
  `email` varchar(255) DEFAULT NULL,
  `active` boolean DEFAULT TRUE,
  `image` longblob,
  `userrole` varchar(20) COLLATE latin1_general_ci NOT NULL,
  `createddate` datetime DEFAULT NULL,
  `modifieddate` datetime DEFAULT NULL,
  `createdby` varchar(255) DEFAULT NULL,
  `modifiedby` varchar(255) DEFAULT NULL,
  PRIMARY KEY (`id`),
  UNIQUE KEY `username` (`username`)
) ENGINE=InnoDB AUTO_INCREMENT=5 DEFAULT CHARSET=utf8;
/*!40101 SET character_set_client = @saved_cs_client */;

--
-- Dumping data for table `user`
--

LOCK TABLES `user` WRITE;
/*!40000 ALTER TABLE `user` DISABLE KEYS */;
INSERT INTO `user` VALUES (1,'manager1','$2a$10$PrI5Gk9L.tSZiW9FXhTS8O8Mz9E97k2FZbFvGFFaSsiTUIl.TCrFu','Devon Nguyen','0366688868',NULL,true,NULL,'ROLE_MANAGER',NULL,NULL,NULL,NULL),
(2,'admin1','$2a$10$PrI5Gk9L.tSZiW9FXhTS8O8Mz9E97k2FZbFvGFFaSsiTUIl.TCrFu','Nguyen Van A',NULL,NULL,true,NULL,'ROLE_STAFF',NULL,NULL,NULL,NULL),
(3,'user1','$2a$10$PrI5Gk9L.tSZiW9FXhTS8O8Mz9E97k2FZbFvGFFaSsiTUIl.TCrFu','Nguyen Van B',NULL,NULL,true,NULL,'ROLE_USER',NULL,NULL,NULL,NULL);
/*!40000 ALTER TABLE `user` ENABLE KEYS */;
UNLOCK TABLES;

--
-- Table structure for table `assignmentbuilding`
--
DROP TABLE IF EXISTS `assignmentbuilding`;
/*!40101 SET @saved_cs_client     = @@character_set_client */;
 SET character_set_client = utf8mb4 ;
CREATE TABLE `assignmentbuilding` (
  `id` bigint(20) NOT NULL AUTO_INCREMENT,
  `staffid` bigint(20) NOT NULL,
  `buildingid` bigint(20) NOT NULL,
  `createddate` datetime DEFAULT NULL,
  `modifieddate` datetime DEFAULT NULL,
  `createdby` varchar(255) DEFAULT NULL,
  `modifiedby` varchar(255) DEFAULT NULL,
  PRIMARY KEY (`id`),
  KEY `fk_user_building` (`staffid`),
  KEY `fk_building_user` (`buildingid`),
  CONSTRAINT `fk_building_user` FOREIGN KEY (`buildingid`) REFERENCES `building` (`id`),
  CONSTRAINT `fk_user_building` FOREIGN KEY (`staffid`) REFERENCES `user` (`id`)
) ENGINE=InnoDB AUTO_INCREMENT=5 DEFAULT CHARSET=utf8;
/*!40101 SET character_set_client = @saved_cs_client */;

--
-- Dumping data for table `assignmentbuilding`
--

LOCK TABLES `assignmentbuilding` WRITE;
/*!40000 ALTER TABLE `assignmentbuilding` DISABLE KEYS */;
INSERT INTO `assignmentbuilding` VALUES (1,2,1,NULL,NULL,NULL,NULL),(2,2,3,NULL,NULL,NULL,NULL),(3,3,1,NULL,NULL,NULL,NULL),(4,3,4,NULL,NULL,NULL,NULL);
/*!40000 ALTER TABLE `assignmentbuilding` ENABLE KEYS */;
UNLOCK TABLES;


--
-- Table structure for table `customer`
--

DROP TABLE IF EXISTS `customer`;
/*!40101 SET @saved_cs_client     = @@character_set_client */;
 SET character_set_client = utf8mb4 ;
CREATE TABLE `customer` (
  `id` bigint(20) NOT NULL AUTO_INCREMENT,
  `fullname` varchar(255) NOT NULL,
  `phone` varchar(255) NOT NULL,
  `email` varchar(255) DEFAULT NULL,
  `companyname` varchar(255) DEFAULT NULL,
  `demand` varchar(255) DEFAULT NULL,
  `status` varchar(255) DEFAULT NULL,
  `is_active` TINYINT(1) DEFAULT 1,
  `createddate` datetime DEFAULT NULL,
  `modifieddate` datetime DEFAULT NULL,
  `createdby` varchar(255) DEFAULT NULL,
  `modifiedby` varchar(255) DEFAULT NULL,
  PRIMARY KEY (`id`)
) ENGINE=InnoDB DEFAULT CHARSET=utf8;
/*!40101 SET character_set_client = @saved_cs_client */;

--
-- Dumping data for table `customer`
--
INSERT INTO customer(fullname,phone,email,companyname,demand)
VALUES('Luc Van Hai','0905671231','hailv@gmail.com',null,null),
('Nguyen Xuan Hong','0205671231','hongxuanng@gmail.com',null,null),
('Ta Thi Cuc','0912121231','cucthita1@gmail.com',null,null);

LOCK TABLES `customer` WRITE;
/*!40000 ALTER TABLE `customer` DISABLE KEYS */;
/*!40000 ALTER TABLE `customer` ENABLE KEYS */;
UNLOCK TABLES;


--
-- Table structure for table `assignmentcustomer`
--

DROP TABLE IF EXISTS `assignmentcustomer`;
/*!40101 SET @saved_cs_client     = @@character_set_client */;
 SET character_set_client = utf8mb4 ;
CREATE TABLE `assignmentcustomer` (
  `id` bigint(20) NOT NULL AUTO_INCREMENT,
  `staffid` bigint(20) NOT NULL,
  `customerid` bigint(20) NOT NULL,
  `createddate` datetime DEFAULT NULL,
  `modifieddate` datetime DEFAULT NULL,
  `createdby` varchar(255) DEFAULT NULL,
  `modifiedby` varchar(255) DEFAULT NULL,
  PRIMARY KEY (`id`),
  KEY `fk_user_customer` (`staffid`),
  KEY `fk_customer_user` (`customerid`),
  CONSTRAINT `fk_customer_user` FOREIGN KEY (`customerid`) REFERENCES `customer` (`id`),
  CONSTRAINT `fk_user_customer` FOREIGN KEY (`staffid`) REFERENCES `user` (`id`)
) ENGINE=InnoDB DEFAULT CHARSET=utf8;
/*!40101 SET character_set_client = @saved_cs_client */;

--
-- Dumping data for table `assignmentcustomer`
--

LOCK TABLES `assignmentcustomer` WRITE;
/*!40000 ALTER TABLE `assignmentcustomer` DISABLE KEYS */;
/*!40000 ALTER TABLE `assignmentcustomer` ENABLE KEYS */;
UNLOCK TABLES;

INSERT INTO assignmentcustomer(staffid,customerid)
VALUES(2,1),(2,3),(3,1),(3,3);

--
-- Table structure for table `rentarea`
--

DROP TABLE IF EXISTS `rentarea`;
/*!40101 SET @saved_cs_client     = @@character_set_client */;
 SET character_set_client = utf8mb4 ;
CREATE TABLE `rentarea` (
  `id` bigint(20) NOT NULL AUTO_INCREMENT,
  `value` int(11) DEFAULT NULL,
  `buildingid` bigint(20) DEFAULT NULL,
  `createddate` datetime DEFAULT NULL,
  `modifieddate` datetime DEFAULT NULL,
  `createdby` varchar(255) DEFAULT NULL,
  `modifiedby` varchar(255) DEFAULT NULL,
  PRIMARY KEY (`id`),
  KEY `rentarea_building` (`buildingid`),
  CONSTRAINT `rentarea_building` FOREIGN KEY (`buildingid`) REFERENCES `building` (`id`)
) ENGINE=InnoDB AUTO_INCREMENT=25 DEFAULT CHARSET=utf8;
/*!40101 SET character_set_client = @saved_cs_client */;

--
-- Dumping data for table `rentarea`
--

LOCK TABLES `rentarea` WRITE;
/*!40000 ALTER TABLE `rentarea` DISABLE KEYS */;
INSERT INTO `rentarea` VALUES (1,100,1,NULL,NULL,NULL,NULL),(2,200,1,NULL,NULL,NULL,NULL),(3,200,2,NULL,NULL,NULL,NULL),(4,300,2,NULL,NULL,NULL,NULL),(5,400,2,NULL,NULL,NULL,NULL),(6,300,3,NULL,NULL,NULL,NULL),(7,400,3,NULL,NULL,NULL,NULL),(8,500,3,NULL,NULL,NULL,NULL),(9,100,4,NULL,NULL,NULL,NULL),(10,400,4,NULL,NULL,NULL,NULL),(11,250,4,NULL,NULL,NULL,NULL),(24,700,6,NULL,NULL,NULL,NULL);
/*!40000 ALTER TABLE `rentarea` ENABLE KEYS */;
UNLOCK TABLES;

--
-- Table structure for table `role`
--

DROP TABLE IF EXISTS `role`;
/*!40101 SET @saved_cs_client     = @@character_set_client */;
 SET character_set_client = utf8mb4 ;
CREATE TABLE `role` (
  `id` bigint(20) NOT NULL AUTO_INCREMENT,
  `name` varchar(255) NOT NULL,
  `code` varchar(255) NOT NULL,
  `createddate` datetime DEFAULT NULL,
  `modifieddate` datetime DEFAULT NULL,
  `createdby` varchar(255) DEFAULT NULL,
  `modifiedby` varchar(255) DEFAULT NULL,
  PRIMARY KEY (`id`)
) ENGINE=InnoDB AUTO_INCREMENT=3 DEFAULT CHARSET=utf8;
/*!40101 SET character_set_client = @saved_cs_client */;

--
-- Dumping data for table `role`
--

LOCK TABLES `role` WRITE;
/*!40000 ALTER TABLE `role` DISABLE KEYS */;
INSERT INTO `role` VALUES (1,'Quản lý','ROLE_MANAGER',NULL,NULL,NULL,NULL),(2,'Nhân viên','ROLE_STAFF',NULL,NULL,NULL,NULL),(3,'Người dùng','ROLE_USER',NULL,NULL,NULL,NULL);
/*!40000 ALTER TABLE `role` ENABLE KEYS */;
UNLOCK TABLES;

--
-- Table structure for table `transaction`
--

DROP TABLE IF EXISTS `transaction`;
/*!40101 SET @saved_cs_client     = @@character_set_client */;
 SET character_set_client = utf8mb4 ;
CREATE TABLE `transaction` (
  `id` bigint(20) NOT NULL AUTO_INCREMENT,
  `code` varchar(255) DEFAULT NULL,
  `note` varchar(255) DEFAULT NULL,
  `customerid` bigint(20) NOT NULL,
  `createddate` datetime DEFAULT NULL,
  `modifieddate` datetime DEFAULT NULL,
  `createdby` varchar(255) DEFAULT NULL,
  `modifiedby` varchar(255) DEFAULT NULL,
  `staffid` bigint(20) DEFAULT NULL,
  PRIMARY KEY (`id`),
  KEY `fk_customer_transaction` (`customerid`),
  CONSTRAINT `fk_customer_transaction` FOREIGN KEY (`customerid`) REFERENCES `customer` (`id`)
) ENGINE=InnoDB DEFAULT CHARSET=utf8;
/*!40101 SET character_set_client = @saved_cs_client */;

--
-- Dumping data for table `transaction`
--

LOCK TABLES `transaction` WRITE;
/*!40000 ALTER TABLE `transaction` DISABLE KEYS */;
/*!40000 ALTER TABLE `transaction` ENABLE KEYS */;
UNLOCK TABLES;

CREATE TABLE `Orders` (
  `ID` varchar(50) COLLATE latin1_general_ci NOT NULL,
  `AMOUNT` double NOT NULL,
  `CUSTOMER_ADDRESS` varchar(255) COLLATE latin1_general_ci NOT NULL,
  `CUSTOMER_EMAIL` varchar(128) COLLATE latin1_general_ci NOT NULL,
  `CUSTOMER_NAME` varchar(255) COLLATE latin1_general_ci NOT NULL,
  `CUSTOMER_PHONE` varchar(128) COLLATE latin1_general_ci NOT NULL,
  `ORDER_DATE` datetime NOT NULL,
  `ORDER_NUM` int(11) NOT NULL
) ENGINE=InnoDB DEFAULT CHARSET=latin1 COLLATE=latin1_general_ci;


INSERT INTO `Orders` (`ID`, `AMOUNT`, `CUSTOMER_ADDRESS`, `CUSTOMER_EMAIL`, `CUSTOMER_NAME`, `CUSTOMER_PHONE`, `ORDER_DATE`, `ORDER_NUM`) VALUES
('b5ba86bd-144d-4a85-9563-3c373b216efe', 24, 'InnYa Street', 'overmidnight@gmail.com', 'susu', '09772919500', '2020-03-03 21:40:56', 1);

--
-- Table structure for table `order_details`
--

CREATE TABLE `Order_details` (
  `ID` varchar(50) COLLATE latin1_general_ci NOT NULL,
  `AMOUNT` double NOT NULL,
  `PRICE` double NOT NULL,
  `QUANITY` int(11) NOT NULL,
  `ORDER_ID` varchar(50) COLLATE latin1_general_ci NOT NULL,
  `PRODUCT_ID` bigint(20) NOT NULL
) ENGINE=InnoDB DEFAULT CHARSET=latin1 COLLATE=latin1_general_ci;

--
-- Dumping data for table `order_details`
--

--
-- Indexes for table `orders`
--
ALTER TABLE `Orders`
  ADD PRIMARY KEY (`ID`),
  ADD UNIQUE KEY `ORDER_UK` (`ORDER_NUM`);

--
-- Indexes for table `order_details`
--
ALTER TABLE `Order_details`
  ADD PRIMARY KEY (`ID`),
  ADD KEY `ORDER_DETAIL_ORD_FK` (`ORDER_ID`),
  ADD KEY `ORDER_DETAIL_PROD_FK` (`PRODUCT_ID`);

--
-- Constraints for dumped tables
--

--
-- Constraints for table `order_details`
--
ALTER TABLE `Order_details`
  ADD CONSTRAINT `ORDER_DETAIL_ORD_FK` FOREIGN KEY (`ORDER_ID`) REFERENCES `Orders` (`ID`),
  ADD CONSTRAINT `ORDER_DETAIL_PROD_FK` FOREIGN KEY (`PRODUCT_ID`) REFERENCES `Building`(`ID`);
COMMIT;

INSERT INTO `Order_details` (`ID`, `AMOUNT`, `PRICE`, `QUANITY`, `ORDER_ID`, `PRODUCT_ID`) VALUES
('29805425-7ab9-4665-8e67-212e75a9de29', 12, 12, 1, 'b5ba86bd-144d-4a85-9563-3c373b216efe', 1),
('aa832e86-b27a-4ac1-9ec1-777db8644388', 12, 12, 1, 'b5ba86bd-144d-4a85-9563-3c373b216efe', 2);

--
-- Dumping events for database 'estateadvance'
--

--
-- Dumping routines for database 'estateadvance'
--
/*!40101 SET CHARACTER_SET_CLIENT=@OLD_CHARACTER_SET_CLIENT */;
/*!40101 SET CHARACTER_SET_RESULTS=@OLD_CHARACTER_SET_RESULTS */;
/*!40101 SET COLLATION_CONNECTION=@OLD_COLLATION_CONNECTION */;
